email,password
arjun.sharma@example.com,arjunsharma123
neha.verma@example.com,nehaverma123
rohan.kumar@example.com,rohankumar123
priya.patel@example.com,priyapatel123
amit.singh@example.com,amitsingh123
sneha.joshi@example.com,snehajoshi123
vikram.das@example.com,vikramdas123
ananya.mehta@example.com,ananyamehta123
rahul.reddy@example.com,rahulreddy123
pooja.nair@example.com,poojanair123
karan.mishra@example.com,karanmishra123
isha.gupta@example.com,ishagupta123
manav.iyer@example.com,manaviyer123
divya.bose@example.com,divyabose123
sahil.saxena@example.com,sahilsaxena123
nisha.kapoor@example.com,nishakapoor123
aditya.kulkarni@example.com,adityakulkarni123
sakshi.naik@example.com,sakshinaik123
nitin.roy@example.com,nitinroy123
meera.sen@example.com,meerasen123
harsh.chopra@example.com,harshchopra123
tanvi.agarwal@example.com,tanviagarwal123
yash.malhotra@example.com,yashmalhotra123
mitali.jain@example.com,mitalijain123
rajat.balakrishnan@example.com,rajatbalakrishnan123
kavya.yadav@example.com,kavyayadav123
om.rao@example.com,omrao123
ritika.banerjee@example.com,ritikabanerjee123
vipul.dutta@example.com,vipuldutta123
aisha.sethi@example.com,aishasethi123
dev.bhatia@example.com,devbhatia123
shreya.desai@example.com,shreyadesai123
parth.pillai@example.com,parthpillai123
komal.murthy@example.com,komalmurthy123
tushar.khanna@example.com,tusharkhanna123
esha.bharadwaj@example.com,eshabharadwaj123
gaurav.nadkarni@example.com,gauravnadkarni123
heena.khan@example.com,heenakhan123
jay.sengupta@example.com,jaysengupta123
riya.vora@example.com,riyavora123
abhishek.chatterjee@example.com,abhishekchatterjee123
jiya.prasad@example.com,jiyaprasad123
sameer.tripathi@example.com,sameertripathi123
anjali.lal@example.com,anjalilal123
varun.pandey@example.com,varunpandey123
pallavi.mayekar@example.com,pallavimayekar123
nikhil.soni@example.com,nikhilsoni123
swati.bhardwaj@example.com,swatibhardwaj123
deepak.chauhan@example.com,deepakchauhan123
ankita.shah@example.com,ankitashah123
arjun.sharma@example.com,arjunsharma123
neha.verma@example.com,nehaverma123
rohan.kumar@example.com,rohankumar123
priya.patel@example.com,priyapatel123
amit.singh@example.com,amitsingh123
sneha.joshi@example.com,snehajoshi123
vikram.das@example.com,vikramdas123
ananya.mehta@example.com,ananyamehta123
rahul.reddy@example.com,rahulreddy123
pooja.nair@example.com,poojanair123
karan.mishra@example.com,karanmishra123
isha.gupta@example.com,ishagupta123
manav.iyer@example.com,manaviyer123
divya.bose@example.com,divyabose123
sahil.saxena@example.com,sahilsaxena123
nisha.kapoor@example.com,nishakapoor123
aditya.kulkarni@example.com,adityakulkarni123
sakshi.naik@example.com,sakshinaik123
nitin.roy@example.com,nitinroy123
meera.sen@example.com,meerasen123
harsh.chopra@example.com,harshchopra123
tanvi.agarwal@example.com,tanviagarwal123
yash.malhotra@example.com,yashmalhotra123
mitali.jain@example.com,mitalijain123
rajat.balakrishnan@example.com,rajatbalakrishnan123
kavya.yadav@example.com,kavyayadav123
om.rao@example.com,omrao123
ritika.banerjee@example.com,ritikabanerjee123
vipul.dutta@example.com,vipuldutta123
aisha.sethi@example.com,aishasethi123
dev.bhatia@example.com,devbhatia123
shreya.desai@example.com,shreyadesai123
parth.pillai@example.com,parthpillai123
komal.murthy@example.com,komalmurthy123
tushar.khanna@example.com,tusharkhanna123
esha.bharadwaj@example.com,eshabharadwaj123
gaurav.nadkarni@example.com,gauravnadkarni123
heena.khan@example.com,heenakhan123
jay.sengupta@example.com,jaysengupta123
riya.vora@example.com,riyavora123
abhishek.chatterjee@example.com,abhishekchatterjee123
jiya.prasad@example.com,jiyaprasad123
sameer.tripathi@example.com,sameertripathi123
anjali.lal@example.com,anjalilal123
varun.pandey@example.com,varunpandey123
pallavi.mayekar@example.com,pallavimayekar123
nikhil.soni@example.com,nikhilsoni123
swati.bhardwaj@example.com,swatibhardwaj123
deepak.chauhan@example.com,deepakchauhan123
ankita.shah@example.com,ankitashah123
